<?xml version="1.0" ?>
<LOG_ROOT>
	<PROJECT NAME="miaobiao190741_24">
		<CBX_INST_ENTRY INSTANCE_NAME="|miaobiao190741_24|decoder_10bto4d_074124:comb_12|lpm_divide:Div1" CBX_FILE_NAME="lpm_divide_mhm.tdf"/>
		<CBX_INST_ENTRY INSTANCE_NAME="|miaobiao190741_24|decoder_10bto4d_074124:comb_12|lpm_divide:Mod0" CBX_FILE_NAME="lpm_divide_m9m.tdf"/>
		<CBX_INST_ENTRY INSTANCE_NAME="|miaobiao190741_24|decoder_6bto4d_074124:comb_10|lpm_divide:Div0" CBX_FILE_NAME="lpm_divide_8gm.tdf"/>
		<CBX_INST_ENTRY INSTANCE_NAME="|miaobiao190741_24|decoder_6bto4d_074124:comb_11|lpm_divide:Mod0" CBX_FILE_NAME="lpm_divide_b8m.tdf"/>
		<CBX_INST_ENTRY INSTANCE_NAME="|miaobiao190741_24|decoder_10bto4d_074124:comb_12|lpm_divide:Div0" CBX_FILE_NAME="lpm_divide_jhm.tdf"/>
		<CBX_INST_ENTRY INSTANCE_NAME="|miaobiao190741_24|decoder_10bto4d_074124:comb_12|lpm_divide:Mod1" CBX_FILE_NAME="lpm_divide_m9m.tdf"/>
		<CBX_INST_ENTRY INSTANCE_NAME="|miaobiao190741_24|decoder_6bto4d_074124:comb_10|lpm_divide:Mod0" CBX_FILE_NAME="lpm_divide_b8m.tdf"/>
		<CBX_INST_ENTRY INSTANCE_NAME="|miaobiao190741_24|decoder_6bto4d_074124:comb_11|lpm_divide:Div0" CBX_FILE_NAME="lpm_divide_8gm.tdf"/>
	</PROJECT>
</LOG_ROOT>
